Feature,Importance,timestamp
cat__country_Spain,0.03346262,2025-05-12 22:09:03
cat__country_Morocco,0.0329022,2025-05-12 22:09:03
cat__country_China,0.03260344,2025-05-12 22:09:03
cat__country_Turkey,0.030821098,2025-05-12 22:09:03
cat__country_Thailand,0.030079303,2025-05-12 22:09:03
cat__country_Brazil,0.029489258,2025-05-12 22:09:03
cat__country_USA,0.02829918,2025-05-12 22:09:03
cat__country_France,0.02573228,2025-05-12 22:09:03
cat__product_description_Live ornamental plants,0.023370659,2025-05-12 22:09:03
cat__country_India,0.02315011,2025-05-12 22:09:03
cat__country_Canada,0.021041885,2025-05-12 22:09:03
cat__product_description_Fresh Atlantic salmon fillets,0.015076312,2025-05-12 22:09:03
cat__product_description_Cocoa powder,0.010563605,2025-05-12 22:09:03
cat__product_description_Animal feed mixture,0.010535473,2025-05-12 22:09:03
cat__product_description_Fresh bananas,0.010502695,2025-05-12 22:09:03
cat__product_description_Refined cane sugar,0.010213311,2025-05-12 22:09:03
cat__product_description_Vegetable cooking oil (sunflower),0.009734092,2025-05-12 22:09:03
cat__product_description_Roasted coffee beans,0.009418702,2025-05-12 22:09:03
cat__product_description_Frozen shrimp tails,0.006383526,2025-05-12 22:09:03
cat__product_description_Dried fish flakes,0.005078889,2025-05-12 22:09:03
num__expected_tax_rate,0.004736414,2025-05-12 22:09:03
num__declared_code,0.004385765,2025-05-12 22:09:03
cat__importer_Importer_35,0.0032871515,2025-05-12 22:09:03
cat__importer_Importer_963,0.0032341115,2025-05-12 22:09:03
cat__importer_Importer_164,0.002921608,2025-05-12 22:09:03
cat__importer_Importer_1000,0.0028974423,2025-05-12 22:09:03
cat__importer_Importer_885,0.0028316465,2025-05-12 22:09:03
cat__importer_Importer_830,0.0027714442,2025-05-12 22:09:03
cat__importer_Importer_583,0.0027425196,2025-05-12 22:09:03
cat__importer_Importer_768,0.002693139,2025-05-12 22:09:03
cat__importer_Importer_384,0.0025762452,2025-05-12 22:09:03
cat__importer_Importer_391,0.0025728408,2025-05-12 22:09:03
cat__importer_Importer_821,0.002557281,2025-05-12 22:09:03
cat__importer_Importer_486,0.002516519,2025-05-12 22:09:03
cat__importer_Importer_893,0.0025090638,2025-05-12 22:09:03
cat__importer_Importer_950,0.0024729082,2025-05-12 22:09:03
cat__importer_Importer_524,0.0024656975,2025-05-12 22:09:03
cat__importer_Importer_690,0.0024649752,2025-05-12 22:09:03
cat__importer_Importer_581,0.002462108,2025-05-12 22:09:03
cat__importer_Importer_848,0.0024620043,2025-05-12 22:09:03
cat__importer_Importer_219,0.0024594595,2025-05-12 22:09:03
cat__importer_Importer_413,0.0024584664,2025-05-12 22:09:03
cat__importer_Importer_122,0.0024549875,2025-05-12 22:09:03
cat__importer_Importer_118,0.0024222967,2025-05-12 22:09:03
cat__importer_Importer_716,0.002397862,2025-05-12 22:09:03
cat__importer_Importer_921,0.0023815192,2025-05-12 22:09:03
cat__importer_Importer_458,0.002369376,2025-05-12 22:09:03
cat__importer_Importer_878,0.0023673386,2025-05-12 22:09:03
cat__importer_Importer_731,0.0023667635,2025-05-12 22:09:03
cat__importer_Importer_944,0.0023611714,2025-05-12 22:09:03
cat__importer_Importer_392,0.0023479557,2025-05-12 22:09:03
cat__importer_Importer_77,0.0023020806,2025-05-12 22:09:03
cat__importer_Importer_826,0.0022931492,2025-05-12 22:09:03
cat__importer_Importer_25,0.0022916833,2025-05-12 22:09:03
cat__importer_Importer_156,0.002270582,2025-05-12 22:09:03
cat__importer_Importer_928,0.002270312,2025-05-12 22:09:03
cat__importer_Importer_934,0.002268443,2025-05-12 22:09:03
cat__importer_Importer_911,0.0022469226,2025-05-12 22:09:03
cat__importer_Importer_347,0.0022407472,2025-05-12 22:09:03
cat__importer_Importer_740,0.0022353583,2025-05-12 22:09:03
cat__importer_Importer_621,0.0022337963,2025-05-12 22:09:03
cat__importer_Importer_616,0.002225912,2025-05-12 22:09:03
cat__importer_Importer_80,0.0022258162,2025-05-12 22:09:03
cat__importer_Importer_101,0.0022006333,2025-05-12 22:09:03
cat__importer_Importer_880,0.0021878388,2025-05-12 22:09:03
cat__importer_Importer_795,0.0021845822,2025-05-12 22:09:03
cat__importer_Importer_345,0.00217834,2025-05-12 22:09:03
cat__importer_Importer_992,0.0021752734,2025-05-12 22:09:03
cat__importer_Importer_667,0.0021693183,2025-05-12 22:09:03
cat__importer_Importer_930,0.002167552,2025-05-12 22:09:03
cat__importer_Importer_123,0.0021506883,2025-05-12 22:09:03
cat__importer_Importer_186,0.0021454,2025-05-12 22:09:03
cat__importer_Importer_960,0.002139375,2025-05-12 22:09:03
cat__importer_Importer_256,0.0021370396,2025-05-12 22:09:03
cat__importer_Importer_969,0.0021361825,2025-05-12 22:09:03
cat__importer_Importer_967,0.002132727,2025-05-12 22:09:03
cat__importer_Importer_871,0.0021224301,2025-05-12 22:09:03
cat__importer_Importer_355,0.0021206036,2025-05-12 22:09:03
cat__importer_Importer_97,0.0021205316,2025-05-12 22:09:03
cat__importer_Importer_452,0.0021164971,2025-05-12 22:09:03
cat__importer_Importer_166,0.002113523,2025-05-12 22:09:03
cat__importer_Importer_487,0.00210814,2025-05-12 22:09:03
cat__importer_Importer_927,0.0021041494,2025-05-12 22:09:03
cat__importer_Importer_725,0.002099781,2025-05-12 22:09:03
cat__importer_Importer_974,0.0020980597,2025-05-12 22:09:03
cat__importer_Importer_54,0.0020969836,2025-05-12 22:09:03
cat__importer_Importer_367,0.0020954448,2025-05-12 22:09:03
cat__importer_Importer_496,0.0020899551,2025-05-12 22:09:03
cat__importer_Importer_709,0.0020726034,2025-05-12 22:09:03
cat__importer_Importer_544,0.0020609386,2025-05-12 22:09:03
cat__importer_Importer_393,0.0020593775,2025-05-12 22:09:03
cat__importer_Importer_168,0.0020553228,2025-05-12 22:09:03
cat__importer_Importer_953,0.0020545262,2025-05-12 22:09:03
cat__importer_Importer_188,0.0020523078,2025-05-12 22:09:03
cat__importer_Importer_346,0.002029677,2025-05-12 22:09:03
cat__importer_Importer_548,0.0020283195,2025-05-12 22:09:03
cat__importer_Importer_336,0.0020278234,2025-05-12 22:09:03
cat__importer_Importer_213,0.0020268615,2025-05-12 22:09:03
cat__importer_Importer_828,0.002026513,2025-05-12 22:09:03
cat__importer_Importer_623,0.0020242012,2025-05-12 22:09:03
cat__importer_Importer_324,0.0020033375,2025-05-12 22:09:03
cat__importer_Importer_281,0.0019964513,2025-05-12 22:09:03
cat__importer_Importer_140,0.0019938925,2025-05-12 22:09:03
cat__importer_Importer_797,0.0019935982,2025-05-12 22:09:03
cat__importer_Importer_400,0.0019924203,2025-05-12 22:09:03
cat__importer_Importer_946,0.001972035,2025-05-12 22:09:03
cat__importer_Importer_193,0.001960768,2025-05-12 22:09:03
cat__importer_Importer_109,0.0019538982,2025-05-12 22:09:03
cat__importer_Importer_847,0.0019503076,2025-05-12 22:09:03
cat__importer_Importer_922,0.0019296791,2025-05-12 22:09:03
cat__importer_Importer_723,0.0019271782,2025-05-12 22:09:03
cat__importer_Importer_439,0.0019261434,2025-05-12 22:09:03
cat__importer_Importer_81,0.0019228243,2025-05-12 22:09:03
cat__importer_Importer_17,0.0019203316,2025-05-12 22:09:03
cat__importer_Importer_440,0.0019195663,2025-05-12 22:09:03
cat__importer_Importer_332,0.0019133626,2025-05-12 22:09:03
cat__importer_Importer_448,0.0019060847,2025-05-12 22:09:03
cat__importer_Importer_902,0.0018923464,2025-05-12 22:09:03
cat__importer_Importer_270,0.0018813187,2025-05-12 22:09:03
cat__importer_Importer_565,0.0018810568,2025-05-12 22:09:03
cat__importer_Importer_341,0.0018800491,2025-05-12 22:09:03
cat__importer_Importer_216,0.0018788385,2025-05-12 22:09:03
cat__importer_Importer_851,0.0018780637,2025-05-12 22:09:03
cat__importer_Importer_983,0.0018611113,2025-05-12 22:09:03
cat__importer_Importer_756,0.0018593897,2025-05-12 22:09:03
cat__importer_Importer_225,0.001851372,2025-05-12 22:09:03
cat__importer_Importer_872,0.0018501036,2025-05-12 22:09:03
cat__importer_Importer_2,0.0018487707,2025-05-12 22:09:03
cat__importer_Importer_243,0.0018475164,2025-05-12 22:09:03
cat__importer_Importer_177,0.0018469547,2025-05-12 22:09:03
cat__importer_Importer_842,0.0018464007,2025-05-12 22:09:03
cat__importer_Importer_310,0.0018441259,2025-05-12 22:09:03
cat__importer_Importer_759,0.0018413309,2025-05-12 22:09:03
cat__importer_Importer_825,0.0018386294,2025-05-12 22:09:03
cat__importer_Importer_371,0.0018380078,2025-05-12 22:09:03
cat__importer_Importer_204,0.0018284884,2025-05-12 22:09:03
num__tax_discrepancy,0.0018034725,2025-05-12 22:09:03
cat__importer_Importer_694,0.0017880955,2025-05-12 22:09:03
cat__importer_Importer_774,0.0017828869,2025-05-12 22:09:03
cat__importer_Importer_137,0.0017801502,2025-05-12 22:09:03
cat__importer_Importer_390,0.0017776564,2025-05-12 22:09:03
cat__importer_Importer_318,0.0017556107,2025-05-12 22:09:03
cat__importer_Importer_94,0.0017492198,2025-05-12 22:09:03
cat__importer_Importer_884,0.0017455708,2025-05-12 22:09:03
cat__importer_Importer_199,0.0017449289,2025-05-12 22:09:03
cat__importer_Importer_207,0.001736198,2025-05-12 22:09:03
cat__importer_Importer_822,0.0017353131,2025-05-12 22:09:03
cat__importer_Importer_632,0.0017342581,2025-05-12 22:09:03
cat__importer_Importer_470,0.001731827,2025-05-12 22:09:03
cat__importer_Importer_49,0.001730945,2025-05-12 22:09:03
cat__importer_Importer_541,0.0017239508,2025-05-12 22:09:03
cat__importer_Importer_315,0.001722847,2025-05-12 22:09:03
cat__importer_Importer_84,0.0017212474,2025-05-12 22:09:03
cat__importer_Importer_737,0.001720676,2025-05-12 22:09:03
cat__importer_Importer_700,0.0017174318,2025-05-12 22:09:03
cat__importer_Importer_196,0.0017125637,2025-05-12 22:09:03
cat__importer_Importer_476,0.0017079916,2025-05-12 22:09:03
cat__importer_Importer_798,0.0017029766,2025-05-12 22:09:03
cat__importer_Importer_14,0.0016975547,2025-05-12 22:09:03
cat__importer_Importer_582,0.0016962484,2025-05-12 22:09:03
cat__importer_Importer_241,0.001694025,2025-05-12 22:09:03
cat__importer_Importer_811,0.0016785004,2025-05-12 22:09:03
cat__importer_Importer_615,0.0016571915,2025-05-12 22:09:03
cat__importer_Importer_739,0.0016515247,2025-05-12 22:09:03
cat__importer_Importer_67,0.0016490142,2025-05-12 22:09:03
cat__importer_Importer_829,0.0016489733,2025-05-12 22:09:03
cat__importer_Importer_263,0.0016477298,2025-05-12 22:09:03
cat__importer_Importer_791,0.001647498,2025-05-12 22:09:03
cat__importer_Importer_106,0.0016466303,2025-05-12 22:09:03
cat__importer_Importer_26,0.0016420715,2025-05-12 22:09:03
cat__importer_Importer_879,0.0016407421,2025-05-12 22:09:03
cat__importer_Importer_836,0.0016395586,2025-05-12 22:09:03
cat__importer_Importer_126,0.0016371504,2025-05-12 22:09:03
cat__importer_Importer_447,0.0016359735,2025-05-12 22:09:03
cat__importer_Importer_220,0.0016351427,2025-05-12 22:09:03
cat__importer_Importer_443,0.0016300465,2025-05-12 22:09:03
cat__importer_Importer_63,0.0016187992,2025-05-12 22:09:03
cat__importer_Importer_481,0.0016177333,2025-05-12 22:09:03
cat__importer_Importer_184,0.0016174542,2025-05-12 22:09:03
cat__importer_Importer_925,0.0016113407,2025-05-12 22:09:03
cat__importer_Importer_803,0.0016097326,2025-05-12 22:09:03
cat__importer_Importer_777,0.001601178,2025-05-12 22:09:03
cat__importer_Importer_745,0.0015986303,2025-05-12 22:09:03
cat__importer_Importer_354,0.00159648,2025-05-12 22:09:03
cat__importer_Importer_139,0.0015921927,2025-05-12 22:09:03
cat__importer_Importer_840,0.001591856,2025-05-12 22:09:03
cat__importer_Importer_372,0.0015906453,2025-05-12 22:09:03
cat__importer_Importer_425,0.0015867262,2025-05-12 22:09:03
cat__importer_Importer_115,0.0015728475,2025-05-12 22:09:03
cat__importer_Importer_264,0.0015716794,2025-05-12 22:09:03
cat__importer_Importer_226,0.0015710649,2025-05-12 22:09:03
cat__importer_Importer_841,0.0015691122,2025-05-12 22:09:03
cat__importer_Importer_221,0.0015647527,2025-05-12 22:09:03
cat__importer_Importer_764,0.0015601433,2025-05-12 22:09:03
cat__importer_Importer_395,0.0015585872,2025-05-12 22:09:03
cat__importer_Importer_852,0.0015581382,2025-05-12 22:09:03
cat__importer_Importer_21,0.0015530429,2025-05-12 22:09:03
cat__importer_Importer_203,0.0015519572,2025-05-12 22:09:03
cat__importer_Importer_747,0.001550644,2025-05-12 22:09:03
cat__importer_Importer_433,0.0015506389,2025-05-12 22:09:03
cat__importer_Importer_365,0.0015482656,2025-05-12 22:09:03
cat__importer_Importer_287,0.0015456083,2025-05-12 22:09:03
cat__importer_Importer_973,0.0015364512,2025-05-12 22:09:03
cat__importer_Importer_588,0.001534529,2025-05-12 22:09:03
cat__importer_Importer_171,0.0015336359,2025-05-12 22:09:03
cat__importer_Importer_110,0.0015330529,2025-05-12 22:09:03
cat__importer_Importer_405,0.001527359,2025-05-12 22:09:03
cat__importer_Importer_374,0.0015267495,2025-05-12 22:09:03
cat__importer_Importer_170,0.001525853,2025-05-12 22:09:03
cat__importer_Importer_323,0.001525558,2025-05-12 22:09:03
cat__importer_Importer_31,0.0015243178,2025-05-12 22:09:03
cat__importer_Importer_96,0.0015224381,2025-05-12 22:09:03
cat__importer_Importer_500,0.0015137716,2025-05-12 22:09:03
cat__importer_Importer_475,0.0015115306,2025-05-12 22:09:03
cat__importer_Importer_643,0.0015074414,2025-05-12 22:09:03
cat__importer_Importer_64,0.0015053299,2025-05-12 22:09:03
cat__importer_Importer_46,0.0015046444,2025-05-12 22:09:03
cat__importer_Importer_760,0.0014948343,2025-05-12 22:09:03
cat__importer_Importer_675,0.0014938564,2025-05-12 22:09:03
cat__importer_Importer_74,0.0014888044,2025-05-12 22:09:03
cat__importer_Importer_935,0.0014815087,2025-05-12 22:09:03
cat__importer_Importer_376,0.0014799284,2025-05-12 22:09:03
cat__importer_Importer_607,0.0014794613,2025-05-12 22:09:03
cat__importer_Importer_861,0.001478953,2025-05-12 22:09:03
cat__importer_Importer_462,0.0014773482,2025-05-12 22:09:03
cat__importer_Importer_706,0.001469953,2025-05-12 22:09:03
cat__importer_Importer_917,0.001468457,2025-05-12 22:09:03
cat__importer_Importer_278,0.0014658688,2025-05-12 22:09:03
cat__importer_Importer_540,0.0014644683,2025-05-12 22:09:03
cat__importer_Importer_796,0.0014542222,2025-05-12 22:09:03
cat__importer_Importer_362,0.001453859,2025-05-12 22:09:03
cat__importer_Importer_556,0.0014495049,2025-05-12 22:09:03
cat__importer_Importer_888,0.0014329674,2025-05-12 22:09:03
cat__importer_Importer_4,0.0014306593,2025-05-12 22:09:03
cat__importer_Importer_914,0.001428657,2025-05-12 22:09:03
cat__importer_Importer_488,0.0014205175,2025-05-12 22:09:03
cat__importer_Importer_198,0.0014135645,2025-05-12 22:09:03
cat__importer_Importer_681,0.0014091171,2025-05-12 22:09:03
cat__importer_Importer_986,0.0013955866,2025-05-12 22:09:03
cat__importer_Importer_432,0.0013952787,2025-05-12 22:09:03
cat__importer_Importer_696,0.0013915783,2025-05-12 22:09:03
cat__importer_Importer_242,0.0013898923,2025-05-12 22:09:03
cat__importer_Importer_703,0.0013894545,2025-05-12 22:09:03
cat__importer_Importer_906,0.0013886954,2025-05-12 22:09:03
cat__importer_Importer_450,0.0013869858,2025-05-12 22:09:03
cat__importer_Importer_662,0.0013825867,2025-05-12 22:09:03
cat__importer_Importer_364,0.0013823246,2025-05-12 22:09:03
cat__importer_Importer_859,0.0013752335,2025-05-12 22:09:03
cat__importer_Importer_141,0.0013747948,2025-05-12 22:09:03
cat__importer_Importer_289,0.0013745876,2025-05-12 22:09:03
cat__importer_Importer_937,0.0013743114,2025-05-12 22:09:03
cat__importer_Importer_566,0.0013730945,2025-05-12 22:09:03
cat__importer_Importer_762,0.0013641354,2025-05-12 22:09:03
cat__importer_Importer_543,0.0013632101,2025-05-12 22:09:03
cat__importer_Importer_938,0.001361061,2025-05-12 22:09:03
cat__importer_Importer_779,0.0013601726,2025-05-12 22:09:03
cat__importer_Importer_231,0.0013595487,2025-05-12 22:09:03
cat__importer_Importer_288,0.0013580683,2025-05-12 22:09:03
cat__importer_Importer_66,0.0013571329,2025-05-12 22:09:03
cat__importer_Importer_792,0.0013552774,2025-05-12 22:09:03
cat__importer_Importer_661,0.0013508692,2025-05-12 22:09:03
cat__importer_Importer_100,0.0013427516,2025-05-12 22:09:03
cat__importer_Importer_932,0.0013399288,2025-05-12 22:09:03
cat__importer_Importer_684,0.0013372387,2025-05-12 22:09:03
cat__importer_Importer_45,0.0013359376,2025-05-12 22:09:03
cat__importer_Importer_174,0.0013345289,2025-05-12 22:09:03
cat__importer_Importer_82,0.0013256811,2025-05-12 22:09:03
cat__importer_Importer_580,0.0013254866,2025-05-12 22:09:03
cat__importer_Importer_3,0.0013246954,2025-05-12 22:09:03
cat__importer_Importer_471,0.0013229931,2025-05-12 22:09:03
cat__importer_Importer_949,0.0013217928,2025-05-12 22:09:03
cat__importer_Importer_677,0.0013115319,2025-05-12 22:09:03
cat__importer_Importer_457,0.0013067977,2025-05-12 22:09:03
cat__importer_Importer_886,0.0013046735,2025-05-12 22:09:03
cat__importer_Importer_533,0.0012931974,2025-05-12 22:09:03
cat__importer_Importer_308,0.0012920838,2025-05-12 22:09:03
cat__importer_Importer_217,0.0012909396,2025-05-12 22:09:03
cat__importer_Importer_348,0.0012905004,2025-05-12 22:09:03
cat__importer_Importer_246,0.0012904361,2025-05-12 22:09:03
cat__importer_Importer_599,0.0012893875,2025-05-12 22:09:03
cat__importer_Importer_913,0.0012825378,2025-05-12 22:09:03
cat__importer_Importer_799,0.0012815238,2025-05-12 22:09:03
cat__importer_Importer_668,0.0012812504,2025-05-12 22:09:03
cat__importer_Importer_645,0.0012808233,2025-05-12 22:09:03
cat__importer_Importer_445,0.001276873,2025-05-12 22:09:03
cat__importer_Importer_912,0.0012725515,2025-05-12 22:09:03
cat__importer_Importer_444,0.001270917,2025-05-12 22:09:03
cat__importer_Importer_639,0.0012707994,2025-05-12 22:09:03
cat__importer_Importer_726,0.0012677341,2025-05-12 22:09:03
cat__importer_Importer_617,0.0012653989,2025-05-12 22:09:03
cat__importer_Importer_511,0.0012643612,2025-05-12 22:09:03
cat__importer_Importer_373,0.0012613429,2025-05-12 22:09:03
cat__importer_Importer_262,0.0012612318,2025-05-12 22:09:03
cat__importer_Importer_286,0.0012611884,2025-05-12 22:09:03
cat__importer_Importer_279,0.0012609229,2025-05-12 22:09:03
cat__importer_Importer_858,0.0012532929,2025-05-12 22:09:03
cat__importer_Importer_660,0.0012510706,2025-05-12 22:09:03
cat__importer_Importer_782,0.0012508401,2025-05-12 22:09:03
cat__importer_Importer_951,0.001250071,2025-05-12 22:09:03
cat__importer_Importer_268,0.0012491051,2025-05-12 22:09:03
cat__importer_Importer_112,0.0012407397,2025-05-12 22:09:03
cat__importer_Importer_520,0.001238568,2025-05-12 22:09:03
cat__importer_Importer_650,0.0012374936,2025-05-12 22:09:03
cat__importer_Importer_52,0.0012364963,2025-05-12 22:09:03
cat__importer_Importer_609,0.0012358538,2025-05-12 22:09:03
cat__importer_Importer_42,0.0012324619,2025-05-12 22:09:03
cat__importer_Importer_523,0.0012282631,2025-05-12 22:09:03
cat__importer_Importer_205,0.0012279088,2025-05-12 22:09:03
cat__importer_Importer_805,0.0012271325,2025-05-12 22:09:03
cat__importer_Importer_699,0.0012269616,2025-05-12 22:09:03
cat__importer_Importer_350,0.0012233146,2025-05-12 22:09:03
cat__importer_Importer_277,0.0012214119,2025-05-12 22:09:03
cat__importer_Importer_466,0.0012212421,2025-05-12 22:09:03
cat__importer_Importer_44,0.0012179802,2025-05-12 22:09:03
cat__importer_Importer_846,0.0012152832,2025-05-12 22:09:03
cat__importer_Importer_416,0.0012131725,2025-05-12 22:09:03
cat__importer_Importer_622,0.0012122348,2025-05-12 22:09:03
cat__importer_Importer_65,0.0012040082,2025-05-12 22:09:03
cat__importer_Importer_958,0.0012035804,2025-05-12 22:09:03
cat__importer_Importer_411,0.0012035352,2025-05-12 22:09:03
cat__importer_Importer_943,0.0012024731,2025-05-12 22:09:03
cat__importer_Importer_728,0.0011897319,2025-05-12 22:09:03
cat__importer_Importer_711,0.001181551,2025-05-12 22:09:03
cat__importer_Importer_337,0.0011783509,2025-05-12 22:09:03
cat__importer_Importer_562,0.0011764695,2025-05-12 22:09:03
cat__importer_Importer_302,0.0011741354,2025-05-12 22:09:03
cat__importer_Importer_785,0.0011642614,2025-05-12 22:09:03
cat__importer_Importer_215,0.0011621581,2025-05-12 22:09:03
cat__importer_Importer_233,0.0011534835,2025-05-12 22:09:03
cat__importer_Importer_244,0.0011531013,2025-05-12 22:09:03
cat__importer_Importer_869,0.0011508891,2025-05-12 22:09:03
cat__importer_Importer_780,0.0011497366,2025-05-12 22:09:03
cat__importer_Importer_449,0.0011465095,2025-05-12 22:09:03
cat__importer_Importer_339,0.001143706,2025-05-12 22:09:03
cat__importer_Importer_361,0.0011384409,2025-05-12 22:09:03
cat__importer_Importer_254,0.0011325027,2025-05-12 22:09:03
cat__importer_Importer_469,0.0011311856,2025-05-12 22:09:03
cat__importer_Importer_789,0.0011308319,2025-05-12 22:09:03
cat__importer_Importer_589,0.0011307504,2025-05-12 22:09:03
cat__importer_Importer_649,0.00112877,2025-05-12 22:09:03
cat__importer_Importer_465,0.0011176673,2025-05-12 22:09:03
cat__importer_Importer_904,0.0011109855,2025-05-12 22:09:03
cat__importer_Importer_515,0.0011108436,2025-05-12 22:09:03
cat__importer_Importer_238,0.0011079138,2025-05-12 22:09:03
cat__importer_Importer_120,0.0010986457,2025-05-12 22:09:03
cat__importer_Importer_409,0.0010779449,2025-05-12 22:09:03
cat__importer_Importer_340,0.0010722062,2025-05-12 22:09:03
cat__importer_Importer_90,0.0010715398,2025-05-12 22:09:03
cat__importer_Importer_806,0.0010624654,2025-05-12 22:09:03
cat__importer_Importer_614,0.0010412494,2025-05-12 22:09:03
cat__importer_Importer_674,0.0010267877,2025-05-12 22:09:03
cat__importer_Importer_648,0.0010230104,2025-05-12 22:09:03
cat__importer_Importer_575,0.0010006778,2025-05-12 22:09:03
cat__importer_Importer_222,0.000999711,2025-05-12 22:09:03
cat__importer_Importer_646,0.0009886734,2025-05-12 22:09:03
cat__importer_Importer_783,0.000977813,2025-05-12 22:09:03
cat__importer_Importer_251,0.00094015675,2025-05-12 22:09:03
cat__importer_Importer_89,0.0009250514,2025-05-12 22:09:03
cat__importer_Importer_274,0.00092265767,2025-05-12 22:09:03
cat__importer_Importer_154,0.00090706063,2025-05-12 22:09:03
cat__importer_Importer_387,0.00088750006,2025-05-12 22:09:03
cat__importer_Importer_419,0.0008640626,2025-05-12 22:09:03
cat__importer_Importer_704,0.00086150557,2025-05-12 22:09:03
num__value_usd,0.00082580396,2025-05-12 22:09:03
cat__importer_Importer_369,0.0008084506,2025-05-12 22:09:03
cat__importer_Importer_321,0.0008083829,2025-05-12 22:09:03
cat__importer_Importer_794,0.000788359,2025-05-12 22:09:03
cat__importer_Importer_727,0.00077923643,2025-05-12 22:09:03
cat__importer_Importer_15,0.0007709372,2025-05-12 22:09:03
cat__importer_Importer_19,0.00076801813,2025-05-12 22:09:03
cat__importer_Importer_48,0.0007642636,2025-05-12 22:09:03
cat__importer_Importer_504,0.0007466748,2025-05-12 22:09:03
cat__importer_Importer_128,0.0007428044,2025-05-12 22:09:03
cat__importer_Importer_542,0.0007002319,2025-05-12 22:09:03
cat__importer_Importer_532,0.00068330776,2025-05-12 22:09:03
cat__importer_Importer_896,0.0006728105,2025-05-12 22:09:03
cat__importer_Importer_899,0.00066214794,2025-05-12 22:09:03
cat__importer_Importer_545,0.000645592,2025-05-12 22:09:03
cat__importer_Importer_636,0.00064001256,2025-05-12 22:09:03
cat__importer_Importer_804,0.00063817366,2025-05-12 22:09:03
cat__importer_Importer_781,0.0006381157,2025-05-12 22:09:03
cat__importer_Importer_187,0.0006348547,2025-05-12 22:09:03
cat__importer_Importer_482,0.00063011696,2025-05-12 22:09:03
cat__importer_Importer_719,0.00061480637,2025-05-12 22:09:03
cat__importer_Importer_39,0.0005925038,2025-05-12 22:09:03
cat__importer_Importer_776,0.0005902603,2025-05-12 22:09:03
cat__importer_Importer_665,0.0005824652,2025-05-12 22:09:03
cat__importer_Importer_194,0.00057003286,2025-05-12 22:09:03
cat__importer_Importer_742,0.0005331671,2025-05-12 22:09:03
cat__importer_Importer_977,0.000501758,2025-05-12 22:09:03
cat__importer_Importer_638,0.00048674573,2025-05-12 22:09:03
cat__importer_Importer_283,0.00046851195,2025-05-12 22:09:03
cat__importer_Importer_210,0.0004597927,2025-05-12 22:09:03
cat__importer_Importer_468,0.00042585708,2025-05-12 22:09:03
cat__importer_Importer_377,0.00041669543,2025-05-12 22:09:03
cat__importer_Importer_290,0.00039429896,2025-05-12 22:09:03
cat__importer_Importer_530,0.00039395268,2025-05-12 22:09:03
cat__importer_Importer_608,0.00033512263,2025-05-12 22:09:03
cat__importer_Importer_72,0.00029499232,2025-05-12 22:09:03
cat__importer_Importer_87,0.00028281164,2025-05-12 22:09:03
cat__importer_Importer_809,0.00025155573,2025-05-12 22:09:03
cat__importer_Importer_131,0.00023615245,2025-05-12 22:09:03
cat__importer_Importer_485,0.00022060862,2025-05-12 22:09:03
cat__importer_Importer_691,0.0002191157,2025-05-12 22:09:03
cat__importer_Importer_95,0.0002032122,2025-05-12 22:09:03
cat__importer_Importer_808,0.00019571795,2025-05-12 22:09:03
cat__importer_Importer_526,0.00018917522,2025-05-12 22:09:03
num__tax_paid_mad,0.00018746225,2025-05-12 22:09:03
cat__importer_Importer_769,0.00017990745,2025-05-12 22:09:03
cat__importer_Importer_802,0.00017832863,2025-05-12 22:09:03
num__weight_kg,0.00016830029,2025-05-12 22:09:03
cat__importer_Importer_845,0.000167974,2025-05-12 22:09:03
cat__importer_Importer_370,0.0001635923,2025-05-12 22:09:03
cat__importer_Importer_812,0.00015958908,2025-05-12 22:09:03
cat__importer_Importer_116,0.0001593998,2025-05-12 22:09:03
cat__importer_Importer_766,0.00015439313,2025-05-12 22:09:03
cat__importer_Importer_427,0.00015113472,2025-05-12 22:09:03
cat__importer_Importer_8,0.00014859784,2025-05-12 22:09:03
cat__importer_Importer_801,0.00014647977,2025-05-12 22:09:03
cat__importer_Importer_877,0.00014353872,2025-05-12 22:09:03
cat__importer_Importer_78,0.00013864697,2025-05-12 22:09:03
cat__importer_Importer_517,0.00013708527,2025-05-12 22:09:03
cat__importer_Importer_989,0.00013637227,2025-05-12 22:09:03
cat__importer_Importer_402,0.00013170084,2025-05-12 22:09:03
cat__importer_Importer_710,0.00011551308,2025-05-12 22:09:03
cat__importer_Importer_919,0.000114706236,2025-05-12 22:09:03
cat__importer_Importer_333,0.000113828086,2025-05-12 22:09:03
cat__importer_Importer_849,0.00011098998,2025-05-12 22:09:03
num__weight_value_ratio,0.00010154839,2025-05-12 22:09:03
cat__importer_Importer_428,9.858276e-05,2025-05-12 22:09:03
cat__importer_Importer_117,9.809586e-05,2025-05-12 22:09:03
cat__importer_Importer_165,9.172156e-05,2025-05-12 22:09:03
cat__importer_Importer_587,8.66096e-05,2025-05-12 22:09:03
cat__importer_Importer_908,7.679507e-05,2025-05-12 22:09:03
cat__importer_Importer_664,7.4635194e-05,2025-05-12 22:09:03
cat__importer_Importer_898,7.3888994e-05,2025-05-12 22:09:03
cat__importer_Importer_138,6.969028e-05,2025-05-12 22:09:03
cat__importer_Importer_92,6.879616e-05,2025-05-12 22:09:03
cat__importer_Importer_37,6.771782e-05,2025-05-12 22:09:03
cat__importer_Importer_389,6.58971e-05,2025-05-12 22:09:03
cat__importer_Importer_531,6.262968e-05,2025-05-12 22:09:03
cat__importer_Importer_114,6.0373794e-05,2025-05-12 22:09:03
cat__importer_Importer_814,5.6589506e-05,2025-05-12 22:09:03
cat__importer_Importer_707,5.3848507e-05,2025-05-12 22:09:03
cat__importer_Importer_23,5.229675e-05,2025-05-12 22:09:03
cat__importer_Importer_454,5.216413e-05,2025-05-12 22:09:03
cat__importer_Importer_378,4.879172e-05,2025-05-12 22:09:03
cat__importer_Importer_513,4.6657424e-05,2025-05-12 22:09:03
cat__importer_Importer_240,4.5753186e-05,2025-05-12 22:09:03
cat__importer_Importer_249,4.5249642e-05,2025-05-12 22:09:03
cat__importer_Importer_266,4.122756e-05,2025-05-12 22:09:03
cat__importer_Importer_98,3.939641e-05,2025-05-12 22:09:03
cat__importer_Importer_431,3.7489393e-05,2025-05-12 22:09:03
cat__importer_Importer_190,3.695384e-05,2025-05-12 22:09:03
cat__importer_Importer_40,3.3065106e-05,2025-05-12 22:09:03
cat__importer_Importer_32,2.5724275e-05,2025-05-12 22:09:03
cat__importer_Importer_102,2.5558424e-05,2025-05-12 22:09:03
cat__importer_Importer_892,2.4144478e-05,2025-05-12 22:09:03
cat__importer_Importer_237,1.9480598e-05,2025-05-12 22:09:03
cat__importer_Importer_507,1.7980265e-05,2025-05-12 22:09:03
cat__importer_Importer_970,1.604119e-05,2025-05-12 22:09:03
cat__importer_Importer_881,1.1486658e-05,2025-05-12 22:09:03
cat__importer_Importer_158,1.0065257e-05,2025-05-12 22:09:03
cat__importer_Importer_787,8.485769e-06,2025-05-12 22:09:03
cat__importer_Importer_397,8.39681e-06,2025-05-12 22:09:03
cat__importer_Importer_926,7.4565887e-06,2025-05-12 22:09:03
cat__importer_Importer_68,6.7690044e-06,2025-05-12 22:09:03
cat__importer_Importer_107,6.0566176e-06,2025-05-12 22:09:03
cat__importer_Importer_55,3.009452e-06,2025-05-12 22:09:03
cat__importer_Importer_124,1.6261193e-08,2025-05-12 22:09:03
cat__importer_Importer_111,0.0,2025-05-12 22:09:03
cat__importer_Importer_778,0.0,2025-05-12 22:09:03
cat__importer_Importer_181,0.0,2025-05-12 22:09:03
cat__importer_Importer_966,0.0,2025-05-12 22:09:03
cat__importer_Importer_775,0.0,2025-05-12 22:09:03
cat__importer_Importer_182,0.0,2025-05-12 22:09:03
cat__importer_Importer_773,0.0,2025-05-12 22:09:03
cat__importer_Importer_772,0.0,2025-05-12 22:09:03
cat__importer_Importer_771,0.0,2025-05-12 22:09:03
cat__importer_Importer_770,0.0,2025-05-12 22:09:03
cat__importer_Importer_183,0.0,2025-05-12 22:09:03
cat__importer_Importer_734,0.0,2025-05-12 22:09:03
cat__importer_Importer_185,0.0,2025-05-12 22:09:03
cat__importer_Importer_998,0.0,2025-05-12 22:09:03
cat__importer_Importer_767,0.0,2025-05-12 22:09:03
cat__importer_Importer_968,0.0,2025-05-12 22:09:03
cat__importer_Importer_11,0.0,2025-05-12 22:09:03
cat__importer_Importer_108,0.0,2025-05-12 22:09:03
cat__importer_Importer_722,0.0,2025-05-12 22:09:03
cat__importer_Importer_765,0.0,2025-05-12 22:09:03
cat__importer_Importer_971,0.0,2025-05-12 22:09:03
cat__importer_Importer_763,0.0,2025-05-12 22:09:03
cat__importer_Importer_189,0.0,2025-05-12 22:09:03
cat__importer_Importer_761,0.0,2025-05-12 22:09:03
cat__importer_Importer_721,0.0,2025-05-12 22:09:03
cat__importer_Importer_965,0.0,2025-05-12 22:09:03
cat__importer_Importer_999,0.0,2025-05-12 22:09:03
num__value_ratio,0.0,2025-05-12 22:09:03
cat__importer_Importer_948,0.0,2025-05-12 22:09:03
cat__importer_Importer_180,0.0,2025-05-12 22:09:03
cat__importer_Importer_790,0.0,2025-05-12 22:09:03
cat__importer_Importer_79,0.0,2025-05-12 22:09:03
cat__importer_Importer_206,0.0,2025-05-12 22:09:03
cat__importer_Importer_952,0.0,2025-05-12 22:09:03
cat__importer_Importer_954,0.0,2025-05-12 22:09:03
cat__importer_Importer_955,0.0,2025-05-12 22:09:03
cat__importer_Importer_788,0.0,2025-05-12 22:09:03
cat__importer_Importer_1,0.0,2025-05-12 22:09:03
cat__importer_Importer_786,0.0,2025-05-12 22:09:03
cat__importer_Importer_784,0.0,2025-05-12 22:09:03
cat__importer_Importer_964,0.0,2025-05-12 22:09:03
cat__importer_Importer_956,0.0,2025-05-12 22:09:03
cat__importer_Importer_717,0.0,2025-05-12 22:09:03
cat__importer_Importer_718,0.0,2025-05-12 22:09:03
cat__importer_Importer_957,0.0,2025-05-12 22:09:03
cat__importer_Importer_10,0.0,2025-05-12 22:09:03
cat__importer_Importer_959,0.0,2025-05-12 22:09:03
num__declared_value_usd,0.0,2025-05-12 22:09:03
cat__importer_Importer_113,0.0,2025-05-12 22:09:03
cat__importer_Importer_720,0.0,2025-05-12 22:09:03
cat__importer_Importer_961,0.0,2025-05-12 22:09:03
cat__importer_Importer_962,0.0,2025-05-12 22:09:03
cat__importer_Importer_972,0.0,2025-05-12 22:09:03
cat__importer_Importer_76,0.0,2025-05-12 22:09:03
cat__importer_Importer_105,0.0,2025-05-12 22:09:03
cat__importer_Importer_988,0.0,2025-05-12 22:09:03
cat__importer_Importer_984,0.0,2025-05-12 22:09:03
cat__importer_Importer_985,0.0,2025-05-12 22:09:03
cat__importer_Importer_749,0.0,2025-05-12 22:09:03
cat__importer_Importer_748,0.0,2025-05-12 22:09:03
cat__importer_Importer_192,0.0,2025-05-12 22:09:03
cat__importer_Importer_746,0.0,2025-05-12 22:09:03
cat__importer_Importer_103,0.0,2025-05-12 22:09:03
cat__importer_Importer_744,0.0,2025-05-12 22:09:03
cat__importer_Importer_987,0.0,2025-05-12 22:09:03
cat__importer_Importer_743,0.0,2025-05-12 22:09:03
cat__importer_Importer_993,0.0,2025-05-12 22:09:03
cat__importer_Importer_99,0.0,2025-05-12 22:09:03
cat__importer_Importer_201,0.0,2025-05-12 22:09:03
cat__importer_Importer_741,0.0,2025-05-12 22:09:03
cat__importer_Importer_195,0.0,2025-05-12 22:09:03
cat__importer_Importer_197,0.0,2025-05-12 22:09:03
cat__importer_Importer_732,0.0,2025-05-12 22:09:03
cat__importer_Importer_990,0.0,2025-05-12 22:09:03
cat__importer_Importer_20,0.0,2025-05-12 22:09:03
cat__importer_Importer_738,0.0,2025-05-12 22:09:03
cat__importer_Importer_991,0.0,2025-05-12 22:09:03
cat__importer_Importer_200,0.0,2025-05-12 22:09:03
cat__importer_Importer_736,0.0,2025-05-12 22:09:03
cat__importer_Importer_735,0.0,2025-05-12 22:09:03
cat__importer_Importer_75,0.0,2025-05-12 22:09:03
cat__importer_Importer_104,0.0,2025-05-12 22:09:03
cat__importer_Importer_733,0.0,2025-05-12 22:09:03
cat__importer_Importer_754,0.0,2025-05-12 22:09:03
cat__importer_Importer_975,0.0,2025-05-12 22:09:03
cat__importer_Importer_724,0.0,2025-05-12 22:09:03
cat__importer_Importer_976,0.0,2025-05-12 22:09:03
cat__importer_Importer_978,0.0,2025-05-12 22:09:03
cat__importer_Importer_979,0.0,2025-05-12 22:09:03
cat__importer_Importer_202,0.0,2025-05-12 22:09:03
cat__importer_Importer_997,0.0,2025-05-12 22:09:03
cat__importer_Importer_758,0.0,2025-05-12 22:09:03
cat__importer_Importer_757,0.0,2025-05-12 22:09:03
cat__importer_Importer_191,0.0,2025-05-12 22:09:03
cat__importer_Importer_755,0.0,2025-05-12 22:09:03
cat__importer_Importer_753,0.0,2025-05-12 22:09:03
cat__importer_Importer_730,0.0,2025-05-12 22:09:03
cat__importer_Importer_996,0.0,2025-05-12 22:09:03
cat__importer_Importer_752,0.0,2025-05-12 22:09:03
cat__importer_Importer_793,0.0,2025-05-12 22:09:03
cat__importer_Importer_981,0.0,2025-05-12 22:09:03
cat__importer_Importer_995,0.0,2025-05-12 22:09:03
cat__importer_Importer_994,0.0,2025-05-12 22:09:03
cat__importer_Importer_729,0.0,2025-05-12 22:09:03
cat__importer_Importer_982,0.0,2025-05-12 22:09:03
cat__importer_Importer_751,0.0,2025-05-12 22:09:03
cat__importer_Importer_750,0.0,2025-05-12 22:09:03
cat__importer_Importer_73,0.0,2025-05-12 22:09:03
cat__importer_Importer_980,0.0,2025-05-12 22:09:03
cat__importer_Importer_895,0.0,2025-05-12 22:09:03
cat__importer_Importer_18,0.0,2025-05-12 22:09:03
cat__importer_Importer_857,0.0,2025-05-12 22:09:03
cat__importer_Importer_866,0.0,2025-05-12 22:09:03
cat__importer_Importer_865,0.0,2025-05-12 22:09:03
cat__importer_Importer_909,0.0,2025-05-12 22:09:03
cat__importer_Importer_864,0.0,2025-05-12 22:09:03
cat__importer_Importer_863,0.0,2025-05-12 22:09:03
cat__importer_Importer_862,0.0,2025-05-12 22:09:03
cat__importer_Importer_91,0.0,2025-05-12 22:09:03
cat__importer_Importer_860,0.0,2025-05-12 22:09:03
cat__importer_Importer_86,0.0,2025-05-12 22:09:03
cat__importer_Importer_714,0.0,2025-05-12 22:09:03
cat__importer_Importer_150,0.0,2025-05-12 22:09:03
cat__importer_Importer_910,0.0,2025-05-12 22:09:03
cat__importer_Importer_134,0.0,2025-05-12 22:09:03
cat__importer_Importer_133,0.0,2025-05-12 22:09:03
cat__importer_Importer_179,0.0,2025-05-12 22:09:03
cat__importer_Importer_856,0.0,2025-05-12 22:09:03
cat__importer_Importer_855,0.0,2025-05-12 22:09:03
cat__importer_Importer_915,0.0,2025-05-12 22:09:03
cat__importer_Importer_916,0.0,2025-05-12 22:09:03
cat__importer_Importer_854,0.0,2025-05-12 22:09:03
cat__importer_Importer_853,0.0,2025-05-12 22:09:03
cat__importer_Importer_132,0.0,2025-05-12 22:09:03
cat__importer_Importer_151,0.0,2025-05-12 22:09:03
cat__importer_Importer_152,0.0,2025-05-12 22:09:03
cat__importer_Importer_850,0.0,2025-05-12 22:09:03
cat__importer_Importer_85,0.0,2025-05-12 22:09:03
cat__importer_Importer_918,0.0,2025-05-12 22:09:03
cat__importer_Importer_920,0.0,2025-05-12 22:09:03
cat__importer_Importer_867,0.0,2025-05-12 22:09:03
cat__importer_Importer_868,0.0,2025-05-12 22:09:03
cat__importer_Importer_907,0.0,2025-05-12 22:09:03
cat__importer_Importer_870,0.0,2025-05-12 22:09:03
cat__importer_Importer_894,0.0,2025-05-12 22:09:03
cat__importer_Importer_9,0.0,2025-05-12 22:09:03
cat__importer_Importer_891,0.0,2025-05-12 22:09:03
cat__importer_Importer_890,0.0,2025-05-12 22:09:03
cat__importer_Importer_900,0.0,2025-05-12 22:09:03
cat__importer_Importer_889,0.0,2025-05-12 22:09:03
cat__importer_Importer_142,0.0,2025-05-12 22:09:03
cat__importer_Importer_887,0.0,2025-05-12 22:09:03
cat__importer_Importer_901,0.0,2025-05-12 22:09:03
cat__importer_Importer_136,0.0,2025-05-12 22:09:03
cat__importer_Importer_143,0.0,2025-05-12 22:09:03
cat__importer_Importer_144,0.0,2025-05-12 22:09:03
cat__importer_Importer_883,0.0,2025-05-12 22:09:03
cat__importer_Importer_882,0.0,2025-05-12 22:09:03
cat__importer_Importer_903,0.0,2025-05-12 22:09:03
cat__importer_Importer_145,0.0,2025-05-12 22:09:03
cat__importer_Importer_88,0.0,2025-05-12 22:09:03
cat__importer_Importer_146,0.0,2025-05-12 22:09:03
cat__importer_Importer_147,0.0,2025-05-12 22:09:03
cat__importer_Importer_905,0.0,2025-05-12 22:09:03
cat__importer_Importer_876,0.0,2025-05-12 22:09:03
cat__importer_Importer_875,0.0,2025-05-12 22:09:03
cat__importer_Importer_874,0.0,2025-05-12 22:09:03
cat__importer_Importer_873,0.0,2025-05-12 22:09:03
cat__importer_Importer_135,0.0,2025-05-12 22:09:03
cat__importer_Importer_148,0.0,2025-05-12 22:09:03
cat__importer_Importer_149,0.0,2025-05-12 22:09:03
cat__importer_Importer_153,0.0,2025-05-12 22:09:03
cat__importer_Importer_130,0.0,2025-05-12 22:09:03
cat__importer_Importer_923,0.0,2025-05-12 22:09:03
cat__importer_Importer_820,0.0,2025-05-12 22:09:03
cat__importer_Importer_819,0.0,2025-05-12 22:09:03
cat__importer_Importer_818,0.0,2025-05-12 22:09:03
cat__importer_Importer_817,0.0,2025-05-12 22:09:03
cat__importer_Importer_816,0.0,2025-05-12 22:09:03
cat__importer_Importer_815,0.0,2025-05-12 22:09:03
cat__importer_Importer_933,0.0,2025-05-12 22:09:03
cat__importer_Importer_813,0.0,2025-05-12 22:09:03
cat__importer_Importer_125,0.0,2025-05-12 22:09:03
cat__importer_Importer_172,0.0,2025-05-12 22:09:03
cat__importer_Importer_810,0.0,2025-05-12 22:09:03
cat__importer_Importer_173,0.0,2025-05-12 22:09:03
cat__importer_Importer_936,0.0,2025-05-12 22:09:03
cat__importer_Importer_121,0.0,2025-05-12 22:09:03
cat__importer_Importer_807,0.0,2025-05-12 22:09:03
cat__importer_Importer_939,0.0,2025-05-12 22:09:03
cat__importer_Importer_940,0.0,2025-05-12 22:09:03
cat__importer_Importer_941,0.0,2025-05-12 22:09:03
cat__importer_Importer_897,0.0,2025-05-12 22:09:03
cat__importer_Importer_942,0.0,2025-05-12 22:09:03
cat__importer_Importer_12,0.0,2025-05-12 22:09:03
cat__importer_Importer_800,0.0,2025-05-12 22:09:03
cat__importer_Importer_175,0.0,2025-05-12 22:09:03
cat__importer_Importer_945,0.0,2025-05-12 22:09:03
cat__importer_Importer_119,0.0,2025-05-12 22:09:03
cat__importer_Importer_176,0.0,2025-05-12 22:09:03
cat__importer_Importer_178,0.0,2025-05-12 22:09:03
cat__importer_Importer_947,0.0,2025-05-12 22:09:03
cat__importer_Importer_931,0.0,2025-05-12 22:09:03
cat__importer_Importer_169,0.0,2025-05-12 22:09:03
cat__importer_Importer_924,0.0,2025-05-12 22:09:03
cat__importer_Importer_167,0.0,2025-05-12 22:09:03
cat__importer_Importer_844,0.0,2025-05-12 22:09:03
cat__importer_Importer_843,0.0,2025-05-12 22:09:03
cat__importer_Importer_155,0.0,2025-05-12 22:09:03
cat__importer_Importer_157,0.0,2025-05-12 22:09:03
cat__importer_Importer_13,0.0,2025-05-12 22:09:03
cat__importer_Importer_129,0.0,2025-05-12 22:09:03
cat__importer_Importer_929,0.0,2025-05-12 22:09:03
cat__importer_Importer_159,0.0,2025-05-12 22:09:03
cat__importer_Importer_839,0.0,2025-05-12 22:09:03
cat__importer_Importer_838,0.0,2025-05-12 22:09:03
cat__importer_Importer_837,0.0,2025-05-12 22:09:03
cat__importer_Importer_16,0.0,2025-05-12 22:09:03
cat__importer_Importer_835,0.0,2025-05-12 22:09:03
cat__importer_Importer_834,0.0,2025-05-12 22:09:03
cat__importer_Importer_833,0.0,2025-05-12 22:09:03
cat__importer_Importer_832,0.0,2025-05-12 22:09:03
cat__importer_Importer_831,0.0,2025-05-12 22:09:03
cat__importer_Importer_160,0.0,2025-05-12 22:09:03
cat__importer_Importer_83,0.0,2025-05-12 22:09:03
cat__importer_Importer_161,0.0,2025-05-12 22:09:03
cat__importer_Importer_162,0.0,2025-05-12 22:09:03
cat__importer_Importer_827,0.0,2025-05-12 22:09:03
cat__importer_Importer_163,0.0,2025-05-12 22:09:03
cat__importer_Importer_93,0.0,2025-05-12 22:09:03
cat__importer_Importer_824,0.0,2025-05-12 22:09:03
cat__importer_Importer_823,0.0,2025-05-12 22:09:03
cat__importer_Importer_127,0.0,2025-05-12 22:09:03
cat__importer_Importer_715,0.0,2025-05-12 22:09:03
cat__importer_Importer_309,0.0,2025-05-12 22:09:03
cat__importer_Importer_713,0.0,2025-05-12 22:09:03
cat__importer_Importer_461,0.0,2025-05-12 22:09:03
cat__importer_Importer_436,0.0,2025-05-12 22:09:03
cat__importer_Importer_437,0.0,2025-05-12 22:09:03
cat__importer_Importer_438,0.0,2025-05-12 22:09:03
cat__importer_Importer_272,0.0,2025-05-12 22:09:03
cat__importer_Importer_271,0.0,2025-05-12 22:09:03
cat__importer_Importer_441,0.0,2025-05-12 22:09:03
cat__importer_Importer_442,0.0,2025-05-12 22:09:03
cat__importer_Importer_27,0.0,2025-05-12 22:09:03
cat__importer_Importer_446,0.0,2025-05-12 22:09:03
cat__importer_Importer_269,0.0,2025-05-12 22:09:03
cat__importer_Importer_267,0.0,2025-05-12 22:09:03
cat__importer_Importer_451,0.0,2025-05-12 22:09:03
cat__importer_Importer_453,0.0,2025-05-12 22:09:03
cat__importer_Importer_455,0.0,2025-05-12 22:09:03
cat__importer_Importer_456,0.0,2025-05-12 22:09:03
cat__importer_Importer_265,0.0,2025-05-12 22:09:03
cat__importer_Importer_459,0.0,2025-05-12 22:09:03
cat__importer_Importer_435,0.0,2025-05-12 22:09:03
cat__importer_Importer_434,0.0,2025-05-12 22:09:03
cat__importer_Importer_273,0.0,2025-05-12 22:09:03
cat__importer_Importer_420,0.0,2025-05-12 22:09:03
cat__importer_Importer_410,0.0,2025-05-12 22:09:03
cat__importer_Importer_412,0.0,2025-05-12 22:09:03
cat__importer_Importer_276,0.0,2025-05-12 22:09:03
cat__importer_Importer_414,0.0,2025-05-12 22:09:03
cat__importer_Importer_415,0.0,2025-05-12 22:09:03
cat__importer_Importer_417,0.0,2025-05-12 22:09:03
cat__importer_Importer_418,0.0,2025-05-12 22:09:03
cat__importer_Importer_421,0.0,2025-05-12 22:09:03
cat__importer_Importer_430,0.0,2025-05-12 22:09:03
cat__importer_Importer_422,0.0,2025-05-12 22:09:03
cat__importer_Importer_423,0.0,2025-05-12 22:09:03
cat__importer_Importer_424,0.0,2025-05-12 22:09:03
cat__importer_Importer_275,0.0,2025-05-12 22:09:03
cat__importer_Importer_426,0.0,2025-05-12 22:09:03
cat__importer_Importer_429,0.0,2025-05-12 22:09:03
cat__importer_Importer_43,0.0,2025-05-12 22:09:03
cat__importer_Importer_460,0.0,2025-05-12 22:09:03
cat__importer_Importer_261,0.0,2025-05-12 22:09:03
cat__importer_Importer_712,0.0,2025-05-12 22:09:03
cat__importer_Importer_463,0.0,2025-05-12 22:09:03
cat__importer_Importer_490,0.0,2025-05-12 22:09:03
cat__importer_Importer_491,0.0,2025-05-12 22:09:03
cat__importer_Importer_492,0.0,2025-05-12 22:09:03
cat__importer_Importer_493,0.0,2025-05-12 22:09:03
cat__importer_Importer_494,0.0,2025-05-12 22:09:03
cat__importer_Importer_495,0.0,2025-05-12 22:09:03
cat__importer_Importer_497,0.0,2025-05-12 22:09:03
cat__importer_Importer_498,0.0,2025-05-12 22:09:03
cat__importer_Importer_499,0.0,2025-05-12 22:09:03
cat__importer_Importer_5,0.0,2025-05-12 22:09:03
cat__importer_Importer_50,0.0,2025-05-12 22:09:03
cat__importer_Importer_250,0.0,2025-05-12 22:09:03
cat__importer_Importer_501,0.0,2025-05-12 22:09:03
cat__importer_Importer_502,0.0,2025-05-12 22:09:03
cat__importer_Importer_503,0.0,2025-05-12 22:09:03
cat__importer_Importer_505,0.0,2025-05-12 22:09:03
cat__importer_Importer_506,0.0,2025-05-12 22:09:03
cat__importer_Importer_252,0.0,2025-05-12 22:09:03
cat__importer_Importer_489,0.0,2025-05-12 22:09:03
cat__importer_Importer_253,0.0,2025-05-12 22:09:03
cat__importer_Importer_259,0.0,2025-05-12 22:09:03
cat__importer_Importer_464,0.0,2025-05-12 22:09:03
cat__importer_Importer_467,0.0,2025-05-12 22:09:03
cat__importer_Importer_47,0.0,2025-05-12 22:09:03
cat__importer_Importer_260,0.0,2025-05-12 22:09:03
cat__importer_Importer_472,0.0,2025-05-12 22:09:03
cat__importer_Importer_473,0.0,2025-05-12 22:09:03
cat__importer_Importer_474,0.0,2025-05-12 22:09:03
cat__importer_Importer_258,0.0,2025-05-12 22:09:03
cat__importer_Importer_255,0.0,2025-05-12 22:09:03
cat__importer_Importer_477,0.0,2025-05-12 22:09:03
cat__importer_Importer_478,0.0,2025-05-12 22:09:03
cat__importer_Importer_479,0.0,2025-05-12 22:09:03
cat__importer_Importer_480,0.0,2025-05-12 22:09:03
cat__importer_Importer_257,0.0,2025-05-12 22:09:03
cat__importer_Importer_483,0.0,2025-05-12 22:09:03
cat__importer_Importer_484,0.0,2025-05-12 22:09:03
cat__importer_Importer_41,0.0,2025-05-12 22:09:03
cat__importer_Importer_408,0.0,2025-05-12 22:09:03
cat__importer_Importer_407,0.0,2025-05-12 22:09:03
cat__importer_Importer_406,0.0,2025-05-12 22:09:03
cat__importer_Importer_330,0.0,2025-05-12 22:09:03
cat__importer_Importer_331,0.0,2025-05-12 22:09:03
cat__importer_Importer_334,0.0,2025-05-12 22:09:03
cat__importer_Importer_335,0.0,2025-05-12 22:09:03
cat__importer_Importer_301,0.0,2025-05-12 22:09:03
cat__importer_Importer_338,0.0,2025-05-12 22:09:03
cat__importer_Importer_34,0.0,2025-05-12 22:09:03
cat__importer_Importer_300,0.0,2025-05-12 22:09:03
cat__importer_Importer_342,0.0,2025-05-12 22:09:03
cat__importer_Importer_343,0.0,2025-05-12 22:09:03
cat__importer_Importer_344,0.0,2025-05-12 22:09:03
cat__importer_Importer_30,0.0,2025-05-12 22:09:03
cat__importer_Importer_299,0.0,2025-05-12 22:09:03
cat__importer_Importer_349,0.0,2025-05-12 22:09:03
cat__importer_Importer_298,0.0,2025-05-12 22:09:03
cat__importer_Importer_351,0.0,2025-05-12 22:09:03
cat__importer_Importer_352,0.0,2025-05-12 22:09:03
cat__importer_Importer_33,0.0,2025-05-12 22:09:03
cat__importer_Importer_329,0.0,2025-05-12 22:09:03
cat__importer_Importer_328,0.0,2025-05-12 22:09:03
cat__importer_Importer_317,0.0,2025-05-12 22:09:03
cat__importer_Importer_307,0.0,2025-05-12 22:09:03
cat__importer_Importer_311,0.0,2025-05-12 22:09:03
cat__importer_Importer_312,0.0,2025-05-12 22:09:03
cat__importer_Importer_313,0.0,2025-05-12 22:09:03
cat__importer_Importer_314,0.0,2025-05-12 22:09:03
cat__importer_Importer_306,0.0,2025-05-12 22:09:03
cat__importer_Importer_316,0.0,2025-05-12 22:09:03
cat__importer_Importer_305,0.0,2025-05-12 22:09:03
cat__importer_Importer_327,0.0,2025-05-12 22:09:03
cat__importer_Importer_319,0.0,2025-05-12 22:09:03
cat__importer_Importer_320,0.0,2025-05-12 22:09:03
cat__importer_Importer_322,0.0,2025-05-12 22:09:03
cat__importer_Importer_304,0.0,2025-05-12 22:09:03
cat__importer_Importer_303,0.0,2025-05-12 22:09:03
cat__importer_Importer_325,0.0,2025-05-12 22:09:03
cat__importer_Importer_326,0.0,2025-05-12 22:09:03
cat__importer_Importer_353,0.0,2025-05-12 22:09:03
cat__importer_Importer_297,0.0,2025-05-12 22:09:03
cat__importer_Importer_296,0.0,2025-05-12 22:09:03
cat__importer_Importer_394,0.0,2025-05-12 22:09:03
cat__importer_Importer_383,0.0,2025-05-12 22:09:03
cat__importer_Importer_385,0.0,2025-05-12 22:09:03
cat__importer_Importer_386,0.0,2025-05-12 22:09:03
cat__importer_Importer_388,0.0,2025-05-12 22:09:03
cat__importer_Importer_285,0.0,2025-05-12 22:09:03
cat__importer_Importer_284,0.0,2025-05-12 22:09:03
cat__importer_Importer_282,0.0,2025-05-12 22:09:03
cat__importer_Importer_280,0.0,2025-05-12 22:09:03
cat__importer_Importer_381,0.0,2025-05-12 22:09:03
cat__importer_Importer_396,0.0,2025-05-12 22:09:03
cat__importer_Importer_398,0.0,2025-05-12 22:09:03
cat__importer_Importer_399,0.0,2025-05-12 22:09:03
cat__importer_Importer_28,0.0,2025-05-12 22:09:03
cat__importer_Importer_401,0.0,2025-05-12 22:09:03
cat__importer_Importer_403,0.0,2025-05-12 22:09:03
cat__importer_Importer_404,0.0,2025-05-12 22:09:03
cat__importer_Importer_382,0.0,2025-05-12 22:09:03
cat__importer_Importer_380,0.0,2025-05-12 22:09:03
cat__importer_Importer_356,0.0,2025-05-12 22:09:03
cat__importer_Importer_294,0.0,2025-05-12 22:09:03
cat__importer_Importer_357,0.0,2025-05-12 22:09:03
cat__importer_Importer_358,0.0,2025-05-12 22:09:03
cat__importer_Importer_359,0.0,2025-05-12 22:09:03
cat__importer_Importer_36,0.0,2025-05-12 22:09:03
cat__importer_Importer_360,0.0,2025-05-12 22:09:03
cat__importer_Importer_295,0.0,2025-05-12 22:09:03
cat__importer_Importer_363,0.0,2025-05-12 22:09:03
cat__importer_Importer_293,0.0,2025-05-12 22:09:03
cat__importer_Importer_38,0.0,2025-05-12 22:09:03
cat__importer_Importer_366,0.0,2025-05-12 22:09:03
cat__importer_Importer_292,0.0,2025-05-12 22:09:03
cat__importer_Importer_368,0.0,2025-05-12 22:09:03
cat__importer_Importer_291,0.0,2025-05-12 22:09:03
cat__importer_Importer_29,0.0,2025-05-12 22:09:03
cat__importer_Importer_375,0.0,2025-05-12 22:09:03
cat__importer_Importer_379,0.0,2025-05-12 22:09:03
cat__importer_Importer_508,0.0,2025-05-12 22:09:03
cat__importer_Importer_509,0.0,2025-05-12 22:09:03
cat__importer_Importer_51,0.0,2025-05-12 22:09:03
cat__importer_Importer_61,0.0,2025-05-12 22:09:03
cat__importer_Importer_634,0.0,2025-05-12 22:09:03
cat__importer_Importer_635,0.0,2025-05-12 22:09:03
cat__importer_Importer_637,0.0,2025-05-12 22:09:03
cat__importer_Importer_227,0.0,2025-05-12 22:09:03
cat__importer_Importer_640,0.0,2025-05-12 22:09:03
cat__importer_Importer_641,0.0,2025-05-12 22:09:03
cat__importer_Importer_642,0.0,2025-05-12 22:09:03
cat__importer_Importer_224,0.0,2025-05-12 22:09:03
cat__importer_Importer_644,0.0,2025-05-12 22:09:03
cat__importer_Importer_647,0.0,2025-05-12 22:09:03
cat__importer_Importer_651,0.0,2025-05-12 22:09:03
cat__importer_Importer_652,0.0,2025-05-12 22:09:03
cat__importer_Importer_653,0.0,2025-05-12 22:09:03
cat__importer_Importer_654,0.0,2025-05-12 22:09:03
cat__importer_Importer_655,0.0,2025-05-12 22:09:03
cat__importer_Importer_656,0.0,2025-05-12 22:09:03
cat__importer_Importer_657,0.0,2025-05-12 22:09:03
cat__importer_Importer_633,0.0,2025-05-12 22:09:03
cat__importer_Importer_228,0.0,2025-05-12 22:09:03
cat__importer_Importer_631,0.0,2025-05-12 22:09:03
cat__importer_Importer_620,0.0,2025-05-12 22:09:03
cat__importer_Importer_611,0.0,2025-05-12 22:09:03
cat__importer_Importer_612,0.0,2025-05-12 22:09:03
cat__importer_Importer_613,0.0,2025-05-12 22:09:03
cat__importer_Importer_232,0.0,2025-05-12 22:09:03
cat__importer_Importer_618,0.0,2025-05-12 22:09:03
cat__importer_Importer_619,0.0,2025-05-12 22:09:03
cat__importer_Importer_62,0.0,2025-05-12 22:09:03
cat__importer_Importer_230,0.0,2025-05-12 22:09:03
cat__importer_Importer_630,0.0,2025-05-12 22:09:03
cat__importer_Importer_624,0.0,2025-05-12 22:09:03
cat__importer_Importer_625,0.0,2025-05-12 22:09:03
cat__importer_Importer_626,0.0,2025-05-12 22:09:03
cat__importer_Importer_627,0.0,2025-05-12 22:09:03
cat__importer_Importer_628,0.0,2025-05-12 22:09:03
cat__importer_Importer_629,0.0,2025-05-12 22:09:03
cat__importer_Importer_229,0.0,2025-05-12 22:09:03
cat__importer_Importer_659,0.0,2025-05-12 22:09:03
cat__importer_Importer_223,0.0,2025-05-12 22:09:03
cat__importer_Importer_663,0.0,2025-05-12 22:09:03
cat__importer_Importer_70,0.0,2025-05-12 22:09:03
cat__importer_Importer_693,0.0,2025-05-12 22:09:03
cat__importer_Importer_214,0.0,2025-05-12 22:09:03
cat__importer_Importer_695,0.0,2025-05-12 22:09:03
cat__importer_Importer_212,0.0,2025-05-12 22:09:03
cat__importer_Importer_697,0.0,2025-05-12 22:09:03
cat__importer_Importer_698,0.0,2025-05-12 22:09:03
cat__importer_Importer_7,0.0,2025-05-12 22:09:03
cat__importer_Importer_211,0.0,2025-05-12 22:09:03
cat__importer_Importer_69,0.0,2025-05-12 22:09:03
cat__importer_Importer_701,0.0,2025-05-12 22:09:03
cat__importer_Importer_702,0.0,2025-05-12 22:09:03
cat__importer_Importer_705,0.0,2025-05-12 22:09:03
cat__importer_Importer_209,0.0,2025-05-12 22:09:03
cat__importer_Importer_708,0.0,2025-05-12 22:09:03
cat__importer_Importer_208,0.0,2025-05-12 22:09:03
cat__importer_Importer_71,0.0,2025-05-12 22:09:03
cat__importer_Importer_692,0.0,2025-05-12 22:09:03
cat__importer_Importer_689,0.0,2025-05-12 22:09:03
cat__importer_Importer_666,0.0,2025-05-12 22:09:03
cat__importer_Importer_676,0.0,2025-05-12 22:09:03
cat__importer_Importer_669,0.0,2025-05-12 22:09:03
cat__importer_Importer_22,0.0,2025-05-12 22:09:03
cat__importer_Importer_670,0.0,2025-05-12 22:09:03
cat__importer_Importer_671,0.0,2025-05-12 22:09:03
cat__importer_Importer_672,0.0,2025-05-12 22:09:03
cat__importer_Importer_673,0.0,2025-05-12 22:09:03
cat__importer_Importer_218,0.0,2025-05-12 22:09:03
cat__importer_Importer_678,0.0,2025-05-12 22:09:03
cat__importer_Importer_688,0.0,2025-05-12 22:09:03
cat__importer_Importer_679,0.0,2025-05-12 22:09:03
cat__importer_Importer_680,0.0,2025-05-12 22:09:03
cat__importer_Importer_682,0.0,2025-05-12 22:09:03
cat__importer_Importer_683,0.0,2025-05-12 22:09:03
cat__importer_Importer_685,0.0,2025-05-12 22:09:03
cat__importer_Importer_686,0.0,2025-05-12 22:09:03
cat__importer_Importer_687,0.0,2025-05-12 22:09:03
cat__importer_Importer_610,0.0,2025-05-12 22:09:03
cat__importer_Importer_606,0.0,2025-05-12 22:09:03
cat__importer_Importer_510,0.0,2025-05-12 22:09:03
cat__importer_Importer_605,0.0,2025-05-12 22:09:03
cat__importer_Importer_245,0.0,2025-05-12 22:09:03
cat__importer_Importer_546,0.0,2025-05-12 22:09:03
cat__importer_Importer_547,0.0,2025-05-12 22:09:03
cat__importer_Importer_549,0.0,2025-05-12 22:09:03
cat__importer_Importer_550,0.0,2025-05-12 22:09:03
cat__importer_Importer_551,0.0,2025-05-12 22:09:03
cat__importer_Importer_552,0.0,2025-05-12 22:09:03
cat__importer_Importer_553,0.0,2025-05-12 22:09:03
cat__importer_Importer_554,0.0,2025-05-12 22:09:03
cat__importer_Importer_555,0.0,2025-05-12 22:09:03
cat__importer_Importer_24,0.0,2025-05-12 22:09:03
cat__importer_Importer_557,0.0,2025-05-12 22:09:03
cat__importer_Importer_558,0.0,2025-05-12 22:09:03
cat__importer_Importer_559,0.0,2025-05-12 22:09:03
cat__importer_Importer_56,0.0,2025-05-12 22:09:03
cat__importer_Importer_560,0.0,2025-05-12 22:09:03
cat__importer_Importer_561,0.0,2025-05-12 22:09:03
cat__importer_Importer_247,0.0,2025-05-12 22:09:03
cat__importer_Importer_248,0.0,2025-05-12 22:09:03
cat__importer_Importer_539,0.0,2025-05-12 22:09:03
cat__importer_Importer_525,0.0,2025-05-12 22:09:03
cat__importer_Importer_512,0.0,2025-05-12 22:09:03
cat__importer_Importer_514,0.0,2025-05-12 22:09:03
cat__importer_Importer_516,0.0,2025-05-12 22:09:03
cat__importer_Importer_518,0.0,2025-05-12 22:09:03
cat__importer_Importer_519,0.0,2025-05-12 22:09:03
cat__importer_Importer_521,0.0,2025-05-12 22:09:03
cat__importer_Importer_522,0.0,2025-05-12 22:09:03
cat__importer_Importer_527,0.0,2025-05-12 22:09:03
cat__importer_Importer_538,0.0,2025-05-12 22:09:03
cat__importer_Importer_528,0.0,2025-05-12 22:09:03
cat__importer_Importer_529,0.0,2025-05-12 22:09:03
cat__importer_Importer_53,0.0,2025-05-12 22:09:03
cat__importer_Importer_534,0.0,2025-05-12 22:09:03
cat__importer_Importer_535,0.0,2025-05-12 22:09:03
cat__importer_Importer_536,0.0,2025-05-12 22:09:03
cat__importer_Importer_537,0.0,2025-05-12 22:09:03
cat__importer_Importer_563,0.0,2025-05-12 22:09:03
cat__importer_Importer_564,0.0,2025-05-12 22:09:03
cat__importer_Importer_239,0.0,2025-05-12 22:09:03
cat__importer_Importer_597,0.0,2025-05-12 22:09:03
cat__importer_Importer_590,0.0,2025-05-12 22:09:03
cat__importer_Importer_591,0.0,2025-05-12 22:09:03
cat__importer_Importer_592,0.0,2025-05-12 22:09:03
cat__importer_Importer_593,0.0,2025-05-12 22:09:03
cat__importer_Importer_594,0.0,2025-05-12 22:09:03
cat__importer_Importer_595,0.0,2025-05-12 22:09:03
cat__importer_Importer_596,0.0,2025-05-12 22:09:03
cat__importer_Importer_598,0.0,2025-05-12 22:09:03
cat__importer_Importer_234,0.0,2025-05-12 22:09:03
cat__importer_Importer_6,0.0,2025-05-12 22:09:03
cat__importer_Importer_60,0.0,2025-05-12 22:09:03
cat__importer_Importer_600,0.0,2025-05-12 22:09:03
cat__importer_Importer_601,0.0,2025-05-12 22:09:03
cat__importer_Importer_602,0.0,2025-05-12 22:09:03
cat__importer_Importer_603,0.0,2025-05-12 22:09:03
cat__importer_Importer_604,0.0,2025-05-12 22:09:03
cat__importer_Importer_59,0.0,2025-05-12 22:09:03
cat__importer_Importer_586,0.0,2025-05-12 22:09:03
cat__importer_Importer_567,0.0,2025-05-12 22:09:03
cat__importer_Importer_574,0.0,2025-05-12 22:09:03
cat__importer_Importer_568,0.0,2025-05-12 22:09:03
cat__importer_Importer_569,0.0,2025-05-12 22:09:03
cat__importer_Importer_57,0.0,2025-05-12 22:09:03
cat__importer_Importer_570,0.0,2025-05-12 22:09:03
cat__importer_Importer_571,0.0,2025-05-12 22:09:03
cat__importer_Importer_572,0.0,2025-05-12 22:09:03
cat__importer_Importer_573,0.0,2025-05-12 22:09:03
cat__importer_Importer_576,0.0,2025-05-12 22:09:03
cat__importer_Importer_585,0.0,2025-05-12 22:09:03
cat__importer_Importer_577,0.0,2025-05-12 22:09:03
cat__importer_Importer_578,0.0,2025-05-12 22:09:03
cat__importer_Importer_579,0.0,2025-05-12 22:09:03
cat__importer_Importer_58,0.0,2025-05-12 22:09:03
cat__importer_Importer_236,0.0,2025-05-12 22:09:03
cat__importer_Importer_235,0.0,2025-05-12 22:09:03
cat__importer_Importer_584,0.0,2025-05-12 22:09:03
cat__importer_Importer_658,0.0,2025-05-12 22:09:03
